INSERT INTO FACTORYS (COMPANY_ID, COMPANY)
VALUES ('C001', '현대자동차');

INSERT INTO CAR_INFORS (CAR_NAME, YEAR, CAR_INFOR_ID, COMPANY_ID)
VALUES ('소나타', '2020', 'CI001', 'C001');

INSERT INTO OPTION_INFORS (OPTION_INFOR_ID, OPTION_NAME)
VALUES ('OI001', '네비게이션');

INSERT INTO OPTIONS (OPTION_ID, CAR_INFOR_ID, OPTION_INFOR_ID)
VALUES ('O001', 'CI001', 'OI001');

INSERT INTO FACTORYS (COMPANY_ID, COMPANY)
VALUES ('C002', '기아자동차');

INSERT INTO CAR_INFORS (CAR_NAME, YEAR, CAR_INFOR_ID, COMPANY_ID)
VALUES ('쏘렌토', '2021', 'CI002', 'C002');

INSERT INTO OPTION_INFORS (OPTION_INFOR_ID, OPTION_NAME)
VALUES ('OI002', '후방 카메라');

INSERT INTO OPTIONS (OPTION_ID, CAR_INFOR_ID, OPTION_INFOR_ID)
VALUES ('O002', 'CI002', 'OI002');

INSERT INTO FACTORYS (COMPANY_ID, COMPANY)
VALUES ('C003', '르노삼성자동차');

INSERT INTO CAR_INFORS (CAR_NAME, YEAR, CAR_INFOR_ID, COMPANY_ID)
VALUES ('SM6', '2019', 'CI003', 'C003');

INSERT INTO OPTION_INFORS (OPTION_INFOR_ID, OPTION_NAME)
VALUES ('OI003', '가죽 시트');

INSERT INTO OPTIONS (OPTION_ID, CAR_INFOR_ID, OPTION_INFOR_ID)
VALUES ('O003', 'CI003', 'OI003');

INSERT INTO FACTORYS (COMPANY_ID, COMPANY)
VALUES ('C004', 'BMW');

INSERT INTO CAR_INFORS (CAR_NAME, YEAR, CAR_INFOR_ID, COMPANY_ID)
VALUES ('3 시리즈', '2022', 'CI004', 'C004');

INSERT INTO OPTION_INFORS (OPTION_INFOR_ID, OPTION_NAME)
VALUES ('OI004', '파노라마 썬루프');

INSERT INTO OPTIONS (OPTION_ID, CAR_INFOR_ID, OPTION_INFOR_ID)
VALUES ('O004', 'CI004', 'OI004');

INSERT INTO FACTORYS (COMPANY_ID, COMPANY)
VALUES ('C005', '토요타');

INSERT INTO CAR_INFORS (CAR_NAME, YEAR, CAR_INFOR_ID, COMPANY_ID)
VALUES ('캠리', '2020', 'CI005', 'C005');

INSERT INTO OPTION_INFORS (OPTION_INFOR_ID, OPTION_NAME)
VALUES ('OI005', '안전 패키지');

INSERT INTO OPTIONS (OPTION_ID, CAR_INFOR_ID, OPTION_INFOR_ID)
VALUES ('O005', 'CI005', 'OI005');

INSERT INTO `OPTIONS`
(OPTION_ID, CAR_INFOR_ID, OPTION_INFOR_ID)
value
('O006', 'CI001', 'OI005')
;

INSERT INTO `OPTIONS`
(OPTION_ID, CAR_INFOR_ID, OPTION_INFOR_ID)
value
('O007', 'CI002', 'OI004')
;

INSERT INTO `OPTIONS`
(OPTION_ID, CAR_INFOR_ID, OPTION_INFOR_ID)
value
('O008', 'CI001', 'OI003')
;